hotel_id,amenity
72572,Free High Speed Internet ( WiFi )
72572,Breakfast included
72572,Laundry Service
72572,Dry Cleaning
72572,Business Center with Internet Access
72572,Multilingual Staff
72572,Air Conditioning
73821,Pool
73821,Restaurant
73821,Room Service
73821,Free Parking
73821,Fitness Center with Gym / Workout Room
73821,Bar/Lounge
73821,Business Center with Internet Access
73821,Shuttle Bus Service
73821,Airport Transportation
73821,Dry Cleaning
73821,Meeting Rooms
73821,Laundry Service
73821,Concierge
73821,Banquet Room
73821,Multilingual Staff
73821,Conference Facilities
73821,Air Conditioning
73821,Refrigerator in room
73821,Hot Tub
73821,Heated pool
73821,Outdoor pool
73855,Free High Speed Internet ( WiFi )
73855,Pool
73855,Restaurant
73855,Fitness Center with Gym / Workout Room
73855,Room Service
73855,Bar/Lounge
73855,Dry Cleaning
73855,Meeting Rooms
73855,Business Center with Internet Access
73855,Laundry Service
73855,Concierge
73855,Banquet Room
73855,Multilingual Staff
73855,Conference Facilities
73855,Hot Tub
73855,Heated pool
73855,Outdoor pool
73943,Pool
73943,Restaurant
73943,Fitness Center with Gym / Workout Room
73943,Bar/Lounge
73943,Spa
73943,Free High Speed Internet ( WiFi )
73943,Room Service
73943,Business Center with Internet Access
73943,Dry Cleaning
73943,Meeting Rooms
73943,Laundry Service
73943,Concierge
73943,Banquet Room
73943,Multilingual Staff
73943,Conference Facilities
73943,Air Conditioning
73943,Minibar
73943,Hot Tub
73943,Heated pool
73943,Outdoor pool
73950,Free Parking
73950,Fitness Center with Gym / Workout Room
73950,Pool
73950,Free High Speed Internet ( WiFi )
73950,Breakfast included
73950,Room Service
73950,Shuttle Bus Service
73950,Airport Transportation
73950,Breakfast Available
73950,Business Center with Internet Access
73950,Laundry Service
73950,Multilingual Staff
73950,Self-Serve Laundry
73950,Microwave
73950,Outdoor pool
73950,Hot Tub
73957,Pool
73957,Free Parking
73957,Restaurant
73957,Fitness Center with Gym / Workout Room
73957,Room Service
73957,Bar/Lounge
73957,Spa
73957,Free Internet
73957,Business Center with Internet Access
73957,Children Activities (Kid / Family Friendly)
73957,Dry Cleaning
73957,Meeting Rooms
73957,Laundry Service
73957,Concierge
73957,Banquet Room
73957,Multilingual Staff
73957,Self-Serve Laundry
73957,Conference Facilities
73957,Babysitting
73957,Air Conditioning
73957,Hot Tub
73957,Tennis Court
73957,Heated pool
73957,Outdoor pool
74583,Free Parking
74583,Free High Speed Internet ( WiFi )
74583,Breakfast included
74583,Pool
74583,Fitness Center with Gym / Workout Room
74583,Business Center with Internet Access
74583,Airport Transportation
74583,Laundry Service
74583,Dry Cleaning
74583,Meeting Rooms
74583,Multilingual Staff
74583,Self-Serve Laundry
74583,Air Conditioning
74583,Refrigerator in room
74583,Outdoor pool
74583,Hot Tub
74626,Pool
74626,Restaurant
74626,Free Parking
74626,Fitness Center with Gym / Workout Room
74626,Free High Speed Internet ( WiFi )
74626,Bar/Lounge
74626,Spa
74626,Business Center with Internet Access
74626,Children Activities (Kid / Family Friendly)
74626,Meeting Rooms
74626,Laundry Service
74626,Banquet Room
74626,Multilingual Staff
74626,Self-Serve Laundry
74626,Conference Facilities
74626,Dry Cleaning
74626,Concierge
74626,Air Conditioning
74626,Microwave
74626,Refrigerator in room
74626,Hot Tub
74626,Golf course
74626,Tennis Court
74626,Heated pool
74626,Outdoor pool
76083,Restaurant
76083,Fitness Center with Gym / Workout Room
76083,Room Service
76083,Bar/Lounge
76083,Free High Speed Internet ( WiFi )
76083,Spa
76083,Pool
76083,Business Center with Internet Access
76083,Dry Cleaning
76083,Meeting Rooms
76083,Laundry Service
76083,Concierge
76083,Banquet Room
76083,Multilingual Staff
76083,Conference Facilities
76083,Babysitting
76083,Breakfast Available
76083,Air Conditioning
76083,Minibar
76083,Heated pool
76083,Outdoor pool
77270,Pool
77270,Free High Speed Internet ( WiFi )
77270,Breakfast included
77270,Laundry Service
77270,Concierge
77270,Multilingual Staff
77270,Self-Serve Laundry
77270,Air Conditioning
77270,Microwave
77270,Refrigerator in room
77270,Heated pool
77270,Outdoor pool
77629,Free High Speed Internet ( WiFi )
77629,Breakfast included
77629,Business Center with Internet Access
77629,Multilingual Staff
77629,Air Conditioning
77629,Refrigerator in room
77629,Microwave
77638,Restaurant
77638,Free High Speed Internet ( WiFi )
77638,Bar/Lounge
77638,Room Service
77638,Dry Cleaning
77638,Meeting Rooms
77638,Business Center with Internet Access
77638,Laundry Service
77638,Banquet Room
77638,Multilingual Staff
77638,Conference Facilities
77638,Breakfast Available
77638,Concierge
77638,Air Conditioning
77638,Microwave
77638,Tennis Court
77714,Restaurant
77714,Fitness Center with Gym / Workout Room
77714,Room Service
77714,Bar/Lounge
77714,Free Internet
77714,Business Center with Internet Access
77714,Shuttle Bus Service
77714,Dry Cleaning
77714,Meeting Rooms
77714,Laundry Service
77714,Concierge
77714,Banquet Room
77714,Multilingual Staff
77714,Conference Facilities
77775,Pool
77775,Restaurant
77775,Room Service
77775,Fitness Center with Gym / Workout Room
77775,Bar/Lounge
77775,Free Internet
77775,Business Center with Internet Access
77775,Dry Cleaning
77775,Meeting Rooms
77775,Laundry Service
77775,Concierge
77775,Banquet Room
77775,Multilingual Staff
77775,Conference Facilities
77775,Air Conditioning
77775,Heated pool
77775,Outdoor pool
77775,Tennis Court
77804,Pool
77804,Room Service
77804,Restaurant
77804,Fitness Center with Gym / Workout Room
77804,Bar/Lounge
77804,Spa
77804,Business Center with Internet Access
77804,Dry Cleaning
77804,Meeting Rooms
77804,Laundry Service
77804,Concierge
77804,Banquet Room
77804,Multilingual Staff
77804,Conference Facilities
77804,Air Conditioning
77804,Heated pool
77804,Outdoor pool
77827,Pool
77827,Room Service
77827,Restaurant
77827,Fitness Center with Gym / Workout Room
77827,Free High Speed Internet ( WiFi )
77827,Bar/Lounge
77827,Children Activities (Kid / Family Friendly)
77827,Dry Cleaning
77827,Meeting Rooms
77827,Business Center with Internet Access
77827,Laundry Service
77827,Concierge
77827,Banquet Room
77827,Conference Facilities
77827,Air Conditioning
77827,Minibar
77827,Outdoor pool
77827,Heated pool
77866,Pool
77866,Room Service
77866,Fitness Center with Gym / Workout Room
77866,Restaurant
77866,Bar/Lounge
77866,Free Internet
77866,Business Center with Internet Access
77866,Meeting Rooms
77866,Dry Cleaning
77866,Laundry Service
77866,Concierge
77866,Banquet Room
77866,Multilingual Staff
77866,Conference Facilities
77866,Heated pool
77866,Indoor pool
77944,Restaurant
77944,Pool
77944,Room Service
77944,Fitness Center with Gym / Workout Room
77944,Bar/Lounge
77944,Business Center with Internet Access
77944,Shuttle Bus Service
77944,Meeting Rooms
77944,Airport Transportation
77944,Dry Cleaning
77944,Laundry Service
77944,Concierge
77944,Banquet Room
77944,Multilingual Staff
77944,Conference Facilities
77944,Air Conditioning
77944,Heated pool
77944,Outdoor pool
77944,Hot Tub
78682,Pool
78682,Restaurant
78682,Fitness Center with Gym / Workout Room
78682,Bar/Lounge
78682,Free High Speed Internet ( WiFi )
78682,Room Service
78682,Business Center with Internet Access
78682,Children Activities (Kid / Family Friendly)
78682,Shuttle Bus Service
78682,Dry Cleaning
78682,Meeting Rooms
78682,Laundry Service
78682,Concierge
78682,Banquet Room
78682,Multilingual Staff
78682,Self-Serve Laundry
78682,Conference Facilities
78682,Air Conditioning
78682,Refrigerator in room
78682,Hot Tub
78682,Heated pool
78682,Outdoor pool
78688,Pool
78688,Restaurant
78688,Bar/Lounge
78688,Free High Speed Internet ( WiFi )
78688,Room Service
78688,Shuttle Bus Service
78688,Meeting Rooms
78688,Business Center with Internet Access
78688,Laundry Service
78688,Banquet Room
78688,Multilingual Staff
78688,Conference Facilities
78688,Dry Cleaning
78688,Concierge
78688,Air Conditioning
78688,Heated pool
78688,Outdoor pool
78694,Pool
78694,Restaurant
78694,Room Service
78694,Fitness Center with Gym / Workout Room
78694,Business Center with Internet Access
78694,Dry Cleaning
78694,Meeting Rooms
78694,Laundry Service
78694,Concierge
78694,Banquet Room
78694,Multilingual Staff
78694,Conference Facilities
78694,Air Conditioning
78694,Hot Tub
78694,Heated pool
78694,Outdoor pool
78694,Tennis Court
79500,Free High Speed Internet ( WiFi )
79500,Pool
79500,Restaurant
79500,Shuttle Bus Service
79500,Airport Transportation
79500,Meeting Rooms
79500,Laundry Service
79500,Multilingual Staff
79500,Self-Serve Laundry
79500,Conference Facilities
79500,Dry Cleaning
79500,Business Center with Internet Access
79500,Banquet Room
79500,Microwave
79500,Outdoor pool
80275,Pool
80275,Room Service
80275,Restaurant
80275,Free Internet
80275,Fitness Center with Gym / Workout Room
80275,Bar/Lounge
80275,Business Center with Internet Access
80275,Dry Cleaning
80275,Meeting Rooms
80275,Laundry Service
80275,Concierge
80275,Banquet Room
80275,Multilingual Staff
80275,Conference Facilities
80275,Breakfast Available
80275,Air Conditioning
80275,Outdoor pool
80747,Restaurant
80747,Bar/Lounge
80747,Free High Speed Internet ( WiFi )
80747,Fitness Center with Gym / Workout Room
80747,Business Center with Internet Access
80747,Dry Cleaning
80747,Laundry Service
80747,Concierge
80747,Banquet Room
80747,Multilingual Staff
80747,Conference Facilities
80747,Air Conditioning
80747,Refrigerator in room
80756,Free High Speed Internet ( WiFi )
80756,Breakfast included
80756,Refrigerator in room
80771,Free High Speed Internet ( WiFi )
80774,Breakfast included
80774,Free High Speed Internet ( WiFi )
80774,Meeting Rooms
80786,Bar/Lounge
80786,Free High Speed Internet ( WiFi )
80786,Concierge
80786,Multilingual Staff
80786,Dry Cleaning
80786,Meeting Rooms
80786,Laundry Service
80786,Breakfast Available
80788,Free High Speed Internet ( WiFi )
80793,Pool
80793,Restaurant
80793,Room Service
80793,Fitness Center with Gym / Workout Room
80793,Free High Speed Internet ( WiFi )
80793,Bar/Lounge
80793,Spa
80793,Business Center with Internet Access
80793,Dry Cleaning
80793,Meeting Rooms
80793,Laundry Service
80793,Concierge
80793,Banquet Room
80793,Multilingual Staff
80793,Conference Facilities
80793,Air Conditioning
80793,Refrigerator in room
80793,Minibar
80793,Hot Tub
80793,Heated pool
80793,Indoor pool
80802,Restaurant
80802,Bar/Lounge
80802,Free Internet
80802,Fitness Center with Gym / Workout Room
80802,Dry Cleaning
80802,Laundry Service
80802,Concierge
80802,Business Center with Internet Access
80802,Meeting Rooms
80802,Multilingual Staff
80802,Breakfast Available
80836,Bar/Lounge
80836,Free High Speed Internet ( WiFi )
80836,Breakfast included
80879,Pool
80879,Free High Speed Internet ( WiFi )
80879,Breakfast included
80879,Multilingual Staff
80879,Air Conditioning
80879,Refrigerator in room
80879,Microwave
80920,Free High Speed Internet ( WiFi )
80920,Breakfast included
80920,Multilingual Staff
80920,Dry Cleaning
80930,Free High Speed Internet ( WiFi )
80930,Breakfast included
80930,Multilingual Staff
80930,Breakfast Available
80930,Dry Cleaning
80930,Laundry Service
80937,Restaurant
80937,Free High Speed Internet ( WiFi )
80937,Breakfast included
80937,Multilingual Staff
80983,Free High Speed Internet ( WiFi )
80983,Breakfast included
80983,Fitness Center with Gym / Workout Room
80983,Room Service
80983,Free Parking
80983,Children Activities (Kid / Family Friendly)
80983,Dry Cleaning
80983,Business Center with Internet Access
80983,Laundry Service
80983,Concierge
80983,Multilingual Staff
80983,Airport Transportation
80983,Meeting Rooms
80983,Breakfast Available
80983,Refrigerator in room
80987,Free Parking
80987,Free High Speed Internet ( WiFi )
80987,Breakfast included
80990,Fitness Center with Gym / Workout Room
80990,Room Service
80990,Free High Speed Internet ( WiFi )
80990,Meeting Rooms
80990,Dry Cleaning
80990,Laundry Service
80990,Concierge
80990,Business Center with Internet Access
80990,Conference Facilities
80990,Multilingual Staff
80990,Air Conditioning
80990,Minibar
80999,Room Service
80999,Restaurant
80999,Fitness Center with Gym / Workout Room
80999,Bar/Lounge
80999,Free High Speed Internet ( WiFi )
80999,Business Center with Internet Access
80999,Laundry Service
80999,Dry Cleaning
80999,Meeting Rooms
80999,Concierge
80999,Banquet Room
80999,Multilingual Staff
80999,Conference Facilities
80999,Refrigerator in room
81004,Free High Speed Internet ( WiFi )
81004,Multilingual Staff
81019,Pool
81019,Room Service
81019,Restaurant
81019,Bar/Lounge
81019,Fitness Center with Gym / Workout Room
81019,Free High Speed Internet ( WiFi )
81019,Business Center with Internet Access
81019,Dry Cleaning
81019,Meeting Rooms
81019,Laundry Service
81019,Concierge
81019,Multilingual Staff
81019,Conference Facilities
81019,Breakfast Available
81019,Air Conditioning
81019,Refrigerator in room
81019,Heated pool
81019,Outdoor pool
81022,Free High Speed Internet ( WiFi )
81022,Room Service
81022,Fitness Center with Gym / Workout Room
81022,Laundry Service
81022,Dry Cleaning
81022,Business Center with Internet Access
81022,Concierge
81022,Air Conditioning
81022,Minibar
81035,Pool
81035,Restaurant
81035,Fitness Center with Gym / Workout Room
81035,Room Service
81035,Free High Speed Internet ( WiFi )
81035,Bar/Lounge
81035,Business Center with Internet Access
81035,Dry Cleaning
81035,Meeting Rooms
81035,Laundry Service
81035,Concierge
81035,Banquet Room
81035,Multilingual Staff
81035,Conference Facilities
81035,Breakfast Available
81035,Air Conditioning
81038,Restaurant
81038,Fitness Center with Gym / Workout Room
81038,Room Service
81038,Bar/Lounge
81038,Free Internet
81038,Spa
81038,Business Center with Internet Access
81038,Meeting Rooms
81038,Dry Cleaning
81038,Laundry Service
81038,Concierge
81038,Banquet Room
81038,Multilingual Staff
81038,Conference Facilities
81038,Air Conditioning
81042,Restaurant
81042,Pool
81042,Fitness Center with Gym / Workout Room
81042,Room Service
81042,Free High Speed Internet ( WiFi )
81042,Bar/Lounge
81042,Business Center with Internet Access
81042,Dry Cleaning
81042,Meeting Rooms
81042,Concierge
81042,Multilingual Staff
81042,Self-Serve Laundry
81042,Laundry Service
81042,Banquet Room
81042,Conference Facilities
81042,Air Conditioning
81042,Outdoor pool
81049,Pool
81049,Room Service
81049,Restaurant
81049,Fitness Center with Gym / Workout Room
81049,Bar/Lounge
81049,Free High Speed Internet ( WiFi )
81049,Business Center with Internet Access
81049,Airport Transportation
81049,Dry Cleaning
81049,Meeting Rooms
81049,Laundry Service
81049,Concierge
81049,Banquet Room
81049,Multilingual Staff
81049,Conference Facilities
81049,Heated pool
81049,Outdoor pool
81049,Tennis Court
81082,Fitness Center with Gym / Workout Room
81082,Free High Speed Internet ( WiFi )
81082,Business Center with Internet Access
81082,Laundry Service
81082,Concierge
81082,Multilingual Staff
81082,Dry Cleaning
81082,Meeting Rooms
81082,Self-Serve Laundry
81103,Restaurant
81103,Fitness Center with Gym / Workout Room
81103,Free High Speed Internet ( WiFi )
81103,Bar/Lounge
81103,Room Service
81103,Business Center with Internet Access
81103,Dry Cleaning
81103,Meeting Rooms
81103,Laundry Service
81103,Concierge
81103,Banquet Room
81103,Multilingual Staff
81103,Conference Facilities
81103,Air Conditioning
81103,Refrigerator in room
81110,Room Service
81110,Restaurant
81110,Fitness Center with Gym / Workout Room
81110,Free High Speed Internet ( WiFi )
81110,Bar/Lounge
81110,Business Center with Internet Access
81110,Airport Transportation
81110,Dry Cleaning
81110,Meeting Rooms
81110,Laundry Service
81110,Concierge
81110,Multilingual Staff
81110,Conference Facilities
81110,Banquet Room
81110,Air Conditioning
81110,Minibar
81141,Restaurant
81141,Room Service
81141,Fitness Center with Gym / Workout Room
81141,Bar/Lounge
81141,Business Center with Internet Access
81141,Dry Cleaning
81141,Meeting Rooms
81141,Laundry Service
81141,Concierge
81141,Banquet Room
81141,Multilingual Staff
81141,Conference Facilities
81141,Breakfast Available
81141,Air Conditioning
81141,Refrigerator in room
81165,Free High Speed Internet ( WiFi )
81165,Restaurant
81165,Room Service
81165,Bar/Lounge
81165,Laundry Service
81165,Concierge
81165,Multilingual Staff
81165,Dry Cleaning
81165,Meeting Rooms
81165,Business Center with Internet Access
81165,Air Conditioning
81169,Free High Speed Internet ( WiFi )
81169,Dry Cleaning
81169,Laundry Service
81169,Concierge
81169,Multilingual Staff
81170,Restaurant
81170,Free High Speed Internet ( WiFi )
81170,Beachfront
81170,Room Service
81170,Bar/Lounge
81170,Dry Cleaning
81170,Meeting Rooms
81170,Laundry Service
81170,Concierge
81170,Multilingual Staff
81170,Air Conditioning
81170,Minibar
81177,Free Parking
81177,Free High Speed Internet ( WiFi )
81177,Breakfast included
81177,Meeting Rooms
81177,Air Conditioning
81177,Microwave
81177,Refrigerator in room
81177,Tennis Court
81204,Room Service
81204,Restaurant
81204,Fitness Center with Gym / Workout Room
81204,Bar/Lounge
81204,Free Internet
81204,Business Center with Internet Access
81204,Dry Cleaning
81204,Meeting Rooms
81204,Laundry Service
81204,Concierge
81204,Multilingual Staff
81204,Conference Facilities
81204,Banquet Room
81204,Breakfast Available
81204,Air Conditioning
81204,Minibar
81241,Restaurant
81241,Free Internet
81241,Bar/Lounge
81241,Business Center with Internet Access
81241,Dry Cleaning
81241,Meeting Rooms
81241,Laundry Service
81241,Concierge
81241,Banquet Room
81241,Multilingual Staff
81241,Conference Facilities
81246,Free Parking
81246,Free High Speed Internet ( WiFi )
81246,Breakfast included
81246,Multilingual Staff
81246,Air Conditioning
81249,Free Parking
81249,Free High Speed Internet ( WiFi )
81249,Babysitting
81249,Air Conditioning
81249,Refrigerator in room
81251,Fitness Center with Gym / Workout Room
81251,Free High Speed Internet ( WiFi )
81251,Multilingual Staff
81251,Self-Serve Laundry
81251,Air Conditioning
81315,Restaurant
81315,Fitness Center with Gym / Workout Room
81315,Bar/Lounge
81315,Business Center with Internet Access
81315,Dry Cleaning
81315,Meeting Rooms
81315,Concierge
81315,Banquet Room
81315,Multilingual Staff
81315,Conference Facilities
81315,Breakfast Available
81315,Air Conditioning
81367,Free Parking
81367,Restaurant
81367,Free High Speed Internet ( WiFi )
81367,Pool
81367,Children Activities (Kid / Family Friendly)
81367,Microwave
81367,Refrigerator in room
81375,Pool
81375,Room Service
81375,Fitness Center with Gym / Workout Room
81375,Restaurant
81375,Business Center with Internet Access
81375,Dry Cleaning
81375,Meeting Rooms
81375,Laundry Service
81375,Concierge
81375,Banquet Room
81375,Multilingual Staff
81375,Conference Facilities
81375,Breakfast Available
81375,Air Conditioning
81375,Outdoor pool
81377,Restaurant
81377,Room Service
81377,Fitness Center with Gym / Workout Room
81377,Bar/Lounge
81377,Free High Speed Internet ( WiFi )
81377,Business Center with Internet Access
81377,Dry Cleaning
81377,Meeting Rooms
81377,Laundry Service
81377,Concierge
81377,Banquet Room
81377,Multilingual Staff
81377,Conference Facilities
81377,Minibar
81394,Restaurant
81394,Fitness Center with Gym / Workout Room
81394,Room Service
81394,Free High Speed Internet ( WiFi )
81394,Bar/Lounge
81394,Business Center with Internet Access
81394,Dry Cleaning
81394,Meeting Rooms
81394,Laundry Service
81394,Concierge
81394,Multilingual Staff
81394,Conference Facilities
81394,Babysitting
81394,Hot Tub
81394,Tennis Court
81409,Free High Speed Internet ( WiFi )
81409,Breakfast included
81409,Children Activities (Kid / Family Friendly)
81409,Business Center with Internet Access
81409,Multilingual Staff
81409,Dry Cleaning
81409,Laundry Service
81409,Concierge
81416,Free High Speed Internet ( WiFi )
81416,Room Service
81416,Restaurant
81416,Bar/Lounge
81416,Business Center with Internet Access
81416,Concierge
81416,Multilingual Staff
81444,Restaurant
81444,Room Service
81444,Fitness Center with Gym / Workout Room
81444,Bar/Lounge
81444,Business Center with Internet Access
81444,Dry Cleaning
81444,Meeting Rooms
81444,Laundry Service
81444,Concierge
81444,Banquet Room
81444,Multilingual Staff
81444,Conference Facilities
81444,Shuttle Bus Service
81444,Airport Transportation
81444,Breakfast Available
81461,Restaurant
81461,Fitness Center with Gym / Workout Room
81461,Room Service
81461,Bar/Lounge
81461,Business Center with Internet Access
81461,Dry Cleaning
81461,Meeting Rooms
81461,Laundry Service
81461,Concierge
81461,Banquet Room
81461,Multilingual Staff
81461,Conference Facilities
81461,Air Conditioning
81461,Refrigerator in room
81466,Free High Speed Internet ( WiFi )
81466,Free Parking
81466,Multilingual Staff
81466,Breakfast Available
81480,Free Parking
81480,Free High Speed Internet ( WiFi )
81480,Children Activities (Kid / Family Friendly)
81480,Air Conditioning
81480,Tennis Court
1223830,Free High Speed Internet ( WiFi )
1223830,Breakfast included
1223830,Room Service
1223830,Multilingual Staff
81503,Free Parking
81503,Free High Speed Internet ( WiFi )
81503,Air Conditioning
81503,Microwave
81511,Free Parking
81511,Free High Speed Internet ( WiFi )
81511,Breakfast included
81514,Free High Speed Internet ( WiFi )
81514,Spa
81514,Fitness Center with Gym / Workout Room
81514,Dry Cleaning
81514,Laundry Service
81514,Concierge
81514,Multilingual Staff
81514,Air Conditioning
81514,Minibar
81520,Free High Speed Internet ( WiFi )
81520,Dry Cleaning
81520,Business Center with Internet Access
81520,Concierge
81520,Multilingual Staff
81520,Laundry Service
81520,Air Conditioning
81531,Free High Speed Internet ( WiFi )
81531,Bar/Lounge
81531,Fitness Center with Gym / Workout Room
81531,Dry Cleaning
81531,Meeting Rooms
81531,Business Center with Internet Access
81531,Laundry Service
81531,Concierge
81531,Multilingual Staff
81531,Air Conditioning
81531,Refrigerator in room
81531,Minibar
81553,Pool
81553,Free Parking
81553,Free High Speed Internet ( WiFi )
81553,Room Service
81553,Shuttle Bus Service
81553,Airport Transportation
81553,Multilingual Staff
81553,Meeting Rooms
81553,Outdoor pool
81669,Restaurant
81669,Fitness Center with Gym / Workout Room
81669,Room Service
81669,Bar/Lounge
81669,Spa
81669,Pool
81669,Free Internet
81669,Business Center with Internet Access
81669,Meeting Rooms
81669,Dry Cleaning
81669,Laundry Service
81669,Concierge
81669,Banquet Room
81669,Multilingual Staff
81669,Conference Facilities
81669,Air Conditioning
81669,Minibar
81765,Pool
81765,Room Service
81765,Restaurant
81765,Fitness Center with Gym / Workout Room
81765,Free High Speed Internet ( WiFi )
81765,Bar/Lounge
81765,Business Center with Internet Access
81765,Shuttle Bus Service
81765,Dry Cleaning
81765,Meeting Rooms
81765,Laundry Service
81765,Concierge
81765,Banquet Room
81765,Multilingual Staff
81765,Conference Facilities
81765,Breakfast Available
81765,Air Conditioning
81765,Refrigerator in room
81765,Hot Tub
81765,Heated pool
81765,Outdoor pool
81765,Tennis Court
81768,Pool
81768,Free Parking
81768,Free High Speed Internet ( WiFi )
81768,Breakfast included
81768,Shuttle Bus Service
81768,Multilingual Staff
81768,Air Conditioning
81768,Outdoor pool
81782,Free High Speed Internet ( WiFi )
81782,Tennis Court
81803,Free High Speed Internet ( WiFi )
81803,Dry Cleaning
81803,Laundry Service
81803,Concierge
81803,Multilingual Staff
81803,Air Conditioning
81803,Tennis Court
81976,Free Internet
81976,Multilingual Staff
81985,Restaurant
81985,Fitness Center with Gym / Workout Room
81985,Free High Speed Internet ( WiFi )
81985,Bar/Lounge
81985,Meeting Rooms
81985,Dry Cleaning
81985,Laundry Service
81985,Concierge
81985,Banquet Room
81985,Multilingual Staff
81985,Business Center with Internet Access
81985,Conference Facilities
81985,Air Conditioning
81985,Minibar
82114,Free Parking
82114,Free High Speed Internet ( WiFi )
82114,Breakfast included
82114,Multilingual Staff
82114,Air Conditioning
82116,Free Parking
82116,Free High Speed Internet ( WiFi )
82116,Multilingual Staff
82116,Microwave
82116,Refrigerator in room
82578,Pool
82578,Free High Speed Internet ( WiFi )
82578,Multilingual Staff
82578,Air Conditioning
82578,Microwave
82578,Refrigerator in room
82578,Outdoor pool
82578,Tennis Court
84440,Free Parking
84440,Pool
84440,Free High Speed Internet ( WiFi )
84440,Breakfast included
84440,Meeting Rooms
84440,Business Center with Internet Access
84440,Multilingual Staff
84440,Air Conditioning
84440,Outdoor pool
84440,Hot Tub
84502,Pool
84502,Free High Speed Internet ( WiFi )
84502,Breakfast included
84502,Laundry Service
84502,Dry Cleaning
84502,Concierge
84502,Multilingual Staff
84502,Self-Serve Laundry
84502,Air Conditioning
84502,Microwave
84502,Refrigerator in room
84502,Heated pool
84502,Outdoor pool
84522,Pool
84522,Restaurant
84522,Fitness Center with Gym / Workout Room
84522,Room Service
84522,Bar/Lounge
84522,Free High Speed Internet ( WiFi )
84522,Business Center with Internet Access
84522,Shuttle Bus Service
84522,Dry Cleaning
84522,Meeting Rooms
84522,Laundry Service
84522,Concierge
84522,Banquet Room
84522,Multilingual Staff
84522,Conference Facilities
84522,Breakfast Available
84522,Air Conditioning
84522,Refrigerator in room
84522,Heated pool
84522,Outdoor pool
84561,Restaurant
84561,Fitness Center with Gym / Workout Room
84561,Pool
84561,Free High Speed Internet ( WiFi )
84561,Bar/Lounge
84561,Room Service
84561,Business Center with Internet Access
84561,Children Activities (Kid / Family Friendly)
84561,Dry Cleaning
84561,Meeting Rooms
84561,Multilingual Staff
84561,Laundry Service
84561,Concierge
84561,Air Conditioning
84561,Heated pool
84561,Outdoor pool
84993,Pool
84993,Room Service
84993,Restaurant
84993,Fitness Center with Gym / Workout Room
84993,Bar/Lounge
84993,Spa
84993,Free High Speed Internet ( WiFi )
84993,Meeting Rooms
84993,Banquet Room
84993,Conference Facilities
84993,Business Center with Internet Access
84993,Air Conditioning
84993,Outdoor pool
84993,Hot Tub
84993,Tennis Court
85005,Pool
85005,Free Parking
85005,Free High Speed Internet ( WiFi )
85005,Breakfast included
85005,Shuttle Bus Service
85005,Airport Transportation
85005,Multilingual Staff
85005,Self-Serve Laundry
85005,Air Conditioning
85005,Outdoor pool
85007,Pool
85007,Fitness Center with Gym / Workout Room
85007,Room Service
85007,Breakfast included
85007,Free High Speed Internet ( WiFi )
85007,Shuttle Bus Service
85007,Airport Transportation
85007,Multilingual Staff
85007,Self-Serve Laundry
85007,Meeting Rooms
85007,Air Conditioning
85007,Refrigerator in room
85007,Outdoor pool
85027,Pool
85027,Restaurant
85027,Fitness Center with Gym / Workout Room
85027,Bar/Lounge
85027,Room Service
85027,Free Internet
85027,Business Center with Internet Access
85027,Meeting Rooms
85027,Dry Cleaning
85027,Laundry Service
85027,Concierge
85027,Banquet Room
85027,Multilingual Staff
85027,Conference Facilities
85027,Air Conditioning
85027,Outdoor pool
85027,Tennis Court
85029,Pool
85029,Room Service
85029,Restaurant
85029,Fitness Center with Gym / Workout Room
85029,Bar/Lounge
85029,Spa
85029,Free Internet
85029,Business Center with Internet Access
85029,Dry Cleaning
85029,Meeting Rooms
85029,Laundry Service
85029,Concierge
85029,Banquet Room
85029,Multilingual Staff
85029,Conference Facilities
85029,Air Conditioning
85029,Refrigerator in room
85029,Minibar
85029,Heated pool
85029,Outdoor pool
85031,Pool
85031,Restaurant
85031,Room Service
85031,Fitness Center with Gym / Workout Room
85031,Bar/Lounge
85031,Business Center with Internet Access
85031,Shuttle Bus Service
85031,Dry Cleaning
85031,Meeting Rooms
85031,Laundry Service
85031,Concierge
85031,Banquet Room
85031,Multilingual Staff
85031,Self-Serve Laundry
85031,Conference Facilities
85031,Hot Tub
85031,Heated pool
85031,Outdoor pool
85031,Tennis Court
85046,Pool
85046,Restaurant
85046,Room Service
85046,Fitness Center with Gym / Workout Room
85046,Free High Speed Internet ( WiFi )
85046,Bar/Lounge
85046,Spa
85046,Business Center with Internet Access
85046,Dry Cleaning
85046,Meeting Rooms
85046,Laundry Service
85046,Concierge
85046,Banquet Room
85046,Multilingual Staff
85046,Self-Serve Laundry
85046,Conference Facilities
85046,Hot Tub
85046,Heated pool
85046,Outdoor pool
85046,Tennis Court
85147,Beachfront
85147,Bar/Lounge
85147,Pool
85147,Room Service
85147,Free Internet
85147,Restaurant
85147,Spa
85147,Fitness Center with Gym / Workout Room
85147,Business Center with Internet Access
85147,Dry Cleaning
85147,Meeting Rooms
85147,Laundry Service
85147,Concierge
85147,Banquet Room
85147,Multilingual Staff
85147,Self-Serve Laundry
85147,Conference Facilities
85147,Breakfast Available
85147,Air Conditioning
85147,Microwave
85147,Refrigerator in room
85147,Hot Tub
85147,Heated pool
85147,Outdoor pool
85192,Pool
85192,Restaurant
85192,Room Service
85192,Fitness Center with Gym / Workout Room
85192,Bar/Lounge
85192,Breakfast included
85192,Business Center with Internet Access
85192,Shuttle Bus Service
85192,Airport Transportation
85192,Dry Cleaning
85192,Meeting Rooms
85192,Laundry Service
85192,Concierge
85192,Banquet Room
85192,Multilingual Staff
85192,Self-Serve Laundry
85192,Conference Facilities
85192,Microwave
85192,Hot Tub
85192,Heated pool
85192,Outdoor pool
85205,Restaurant
85205,Fitness Center with Gym / Workout Room
85205,Room Service
85205,Bar/Lounge
85205,Free Internet
85205,Pool
85205,Business Center with Internet Access
85205,Shuttle Bus Service
85205,Airport Transportation
85205,Dry Cleaning
85205,Meeting Rooms
85205,Laundry Service
85205,Concierge
85205,Banquet Room
85205,Multilingual Staff
85205,Conference Facilities
85205,Babysitting
85205,Air Conditioning
85205,Refrigerator in room
85205,Outdoor pool
86951,Restaurant
86951,Beachfront
86951,Bar/Lounge
86951,Free High Speed Internet ( WiFi )
86951,Room Service
86951,Spa
86951,Fitness Center with Gym / Workout Room
86951,Children Activities (Kid / Family Friendly)
86951,Laundry Service
86951,Concierge
86951,Multilingual Staff
86951,Dry Cleaning
86951,Meeting Rooms
86951,Banquet Room
86951,Self-Serve Laundry
86951,Air Conditioning
86951,Refrigerator in room
86951,Tennis Court
86957,Pool
86957,Fitness Center with Gym / Workout Room
86957,Restaurant
86957,Free High Speed Internet ( WiFi )
86957,Bar/Lounge
86957,Business Center with Internet Access
86957,Laundry Service
86957,Dry Cleaning
86957,Meeting Rooms
86957,Concierge
86957,Banquet Room
86957,Multilingual Staff
86957,Self-Serve Laundry
86957,Conference Facilities
86957,Breakfast Available
86957,Air Conditioning
86957,Microwave
86957,Refrigerator in room
86957,Outdoor pool
86957,Tennis Court
86959,Free High Speed Internet ( WiFi )
86959,Pool
86959,Concierge
86959,Shuttle Bus Service
86959,Laundry Service
86959,Multilingual Staff
86959,Self-Serve Laundry
86959,Air Conditioning
86959,Microwave
86959,Refrigerator in room
86959,Outdoor pool
86978,Pool
86978,Fitness Center with Gym / Workout Room
86978,Restaurant
86978,Beachfront
86978,Bar/Lounge
86978,Free Internet
86978,Meeting Rooms
86978,Concierge
86978,Multilingual Staff
86978,Dry Cleaning
86978,Business Center with Internet Access
86978,Laundry Service
86978,Air Conditioning
86978,Refrigerator in room
86978,Outdoor pool
86983,Beachfront
86983,Free High Speed Internet ( WiFi )
86983,Business Center with Internet Access
86983,Concierge
86983,Air Conditioning
86983,Refrigerator in room
87008,Pool
87008,Spa
87008,Free High Speed Internet ( WiFi )
87008,Fitness Center with Gym / Workout Room
87008,Laundry Service
87008,Concierge
87008,Multilingual Staff
87008,Air Conditioning
87008,Refrigerator in room
87008,Outdoor pool
87015,Restaurant
87015,Pool
87015,Free Internet
87015,Bar/Lounge
87015,Fitness Center with Gym / Workout Room
87015,Self-Serve Laundry
87015,Air Conditioning
87015,Refrigerator in room
87015,Microwave
87015,Outdoor pool
87016,Pool
87016,Restaurant
87016,Fitness Center with Gym / Workout Room
87016,Beachfront
87016,Bar/Lounge
87016,Spa
87016,Free Internet
87016,Business Center with Internet Access
87016,Children Activities (Kid / Family Friendly)
87016,Laundry Service
87016,Dry Cleaning
87016,Meeting Rooms
87016,Concierge
87016,Banquet Room
87016,Multilingual Staff
87016,Conference Facilities
87016,Babysitting
87016,Air Conditioning
87016,Refrigerator in room
87016,Hot Tub
87016,Outdoor pool
87017,Pool
87017,Restaurant
87017,Fitness Center with Gym / Workout Room
87017,Free High Speed Internet ( WiFi )
87017,Shuttle Bus Service
87017,Business Center with Internet Access
87017,Airport Transportation
87017,Meeting Rooms
87017,Laundry Service
87017,Banquet Room
87017,Multilingual Staff
87017,Self-Serve Laundry
87017,Conference Facilities
87017,Air Conditioning
87017,Microwave
87017,Outdoor pool
87017,Tennis Court
87018,Pool
87018,Free High Speed Internet ( WiFi )
87018,Fitness Center with Gym / Workout Room
87018,Dry Cleaning
87018,Laundry Service
87018,Self-Serve Laundry
87018,Concierge
87018,Multilingual Staff
87018,Meeting Rooms
87018,Business Center with Internet Access
87018,Air Conditioning
87018,Refrigerator in room
87018,Microwave
87018,Outdoor pool
87024,Pool
87024,Free Parking
87024,Free High Speed Internet ( WiFi )
87024,Fitness Center with Gym / Workout Room
87024,Meeting Rooms
87024,Self-Serve Laundry
87024,Laundry Service
87024,Multilingual Staff
87024,Air Conditioning
87024,Microwave
87024,Refrigerator in room
87024,Outdoor pool
87031,Pool
87031,Multilingual Staff
87031,Shuttle Bus Service
87031,Dry Cleaning
87031,Laundry Service
87031,Self-Serve Laundry
87031,Air Conditioning
87031,Microwave
87031,Refrigerator in room
87031,Hot Tub
87031,Outdoor pool
87044,Pool
87044,Fitness Center with Gym / Workout Room
87044,Free High Speed Internet ( WiFi )
87044,Restaurant
87044,Bar/Lounge
87044,Business Center with Internet Access
87044,Dry Cleaning
87044,Meeting Rooms
87044,Laundry Service
87044,Concierge
87044,Multilingual Staff
87044,Self-Serve Laundry
87044,Conference Facilities
87044,Air Conditioning
87044,Refrigerator in room
87044,Outdoor pool
87044,Tennis Court
87052,Pool
87052,Restaurant
87052,Fitness Center with Gym / Workout Room
87052,Beachfront
87052,Room Service
87052,Bar/Lounge
87052,Free High Speed Internet ( WiFi )
87052,Spa
87052,Business Center with Internet Access
87052,Children Activities (Kid / Family Friendly)
87052,Shuttle Bus Service
87052,Dry Cleaning
87052,Meeting Rooms
87052,Laundry Service
87052,Concierge
87052,Banquet Room
87052,Multilingual Staff
87052,Self-Serve Laundry
87052,Conference Facilities
87052,Heated pool
87052,Outdoor pool
87072,Free Parking
87072,Free High Speed Internet ( WiFi )
87072,Fitness Center with Gym / Workout Room
87072,Breakfast included
87072,Pool
87072,Shuttle Bus Service
87072,Business Center with Internet Access
87072,Airport Transportation
87072,Meeting Rooms
87072,Multilingual Staff
87072,Self-Serve Laundry
87072,Dry Cleaning
87072,Air Conditioning
87072,Refrigerator in room
87072,Outdoor pool
87076,Pool
87076,Free Parking
87076,Free High Speed Internet ( WiFi )
87076,Breakfast included
87076,Shuttle Bus Service
87076,Airport Transportation
87076,Laundry Service
87076,Multilingual Staff
87076,Self-Serve Laundry
87076,Outdoor pool
87084,Free Internet
87084,Room Service
87084,Multilingual Staff
87084,Breakfast Available
87084,Air Conditioning
87091,Pool
87091,Free Parking
87091,Free High Speed Internet ( WiFi )
87091,Restaurant
87091,Shuttle Bus Service
87091,Multilingual Staff
87091,Air Conditioning
87091,Outdoor pool
87097,Pool
87097,Free Internet
87097,Laundry Service
87097,Air Conditioning
87097,Microwave
87097,Refrigerator in room
87097,Outdoor pool
87099,Pool
87099,Restaurant
87099,Fitness Center with Gym / Workout Room
87099,Free High Speed Internet ( WiFi )
87099,Bar/Lounge
87099,Room Service
87099,Dry Cleaning
87099,Meeting Rooms
87099,Business Center with Internet Access
87099,Laundry Service
87099,Banquet Room
87099,Multilingual Staff
87099,Conference Facilities
87099,Concierge
87099,Self-Serve Laundry
87099,Tennis Court
87099,Outdoor pool
87102,Pool
87102,Fitness Center with Gym / Workout Room
87102,Room Service
87102,Restaurant
87102,Beachfront
87102,Spa
87102,Bar/Lounge
87102,Free Internet
87102,Business Center with Internet Access
87102,Children Activities (Kid / Family Friendly)
87102,Dry Cleaning
87102,Meeting Rooms
87102,Laundry Service
87102,Concierge
87102,Banquet Room
87102,Multilingual Staff
87102,Conference Facilities
87102,Air Conditioning
87102,Refrigerator in room
87102,Outdoor pool
87104,Pool
87104,Room Service
87104,Restaurant
87104,Fitness Center with Gym / Workout Room
87104,Bar/Lounge
87104,Free Internet
87104,Airport Transportation
87104,Dry Cleaning
87104,Meeting Rooms
87104,Business Center with Internet Access
87104,Laundry Service
87104,Concierge
87104,Banquet Room
87104,Multilingual Staff
87104,Self-Serve Laundry
87104,Conference Facilities
87104,Breakfast Available
87104,Air Conditioning
87104,Refrigerator in room
87104,Outdoor pool
87104,Tennis Court
87108,Pool
87108,Restaurant
87108,Fitness Center with Gym / Workout Room
87108,Room Service
87108,Beachfront
87108,Bar/Lounge
87108,Free Internet
87108,Spa
87108,Business Center with Internet Access
87108,Children Activities (Kid / Family Friendly)
87108,Dry Cleaning
87108,Meeting Rooms
87108,Laundry Service
87108,Concierge
87108,Banquet Room
87108,Multilingual Staff
87108,Self-Serve Laundry
87108,Conference Facilities
87108,Babysitting
87108,Air Conditioning
87108,Refrigerator in room
87108,Hot Tub
87108,Heated pool
87108,Adult pool
87108,Outdoor pool
87111,Pool
87111,Restaurant
87111,Beachfront
87111,Fitness Center with Gym / Workout Room
87111,Bar/Lounge
87111,Free Internet
87111,Business Center with Internet Access
87111,Dry Cleaning
87111,Meeting Rooms
87111,Laundry Service
87111,Concierge
87111,Banquet Room
87111,Multilingual Staff
87111,Self-Serve Laundry
87111,Conference Facilities
87111,Air Conditioning
87111,Refrigerator in room
87111,Hot Tub
87111,Outdoor pool
87115,Pool
87115,Restaurant
87115,Room Service
87115,Free High Speed Internet ( WiFi )
87115,Fitness Center with Gym / Workout Room
87115,Bar/Lounge
87115,Business Center with Internet Access
87115,Shuttle Bus Service
87115,Airport Transportation
87115,Dry Cleaning
87115,Meeting Rooms
87115,Laundry Service
87115,Concierge
87115,Banquet Room
87115,Multilingual Staff
87115,Conference Facilities
87115,Outdoor pool
87115,Tennis Court
87149,Pool
87149,Restaurant
87149,Free High Speed Internet ( WiFi )
87149,Bar/Lounge
87149,Spa
87149,Fitness Center with Gym / Workout Room
87149,Laundry Service
87149,Multilingual Staff
87149,Self-Serve Laundry
87149,Concierge
87149,Meeting Rooms
87149,Business Center with Internet Access
87149,Air Conditioning
87149,Refrigerator in room
87149,Outdoor pool
87149,Hot Tub
89033,Pool
89033,Free High Speed Internet ( WiFi )
89033,Breakfast included
89033,Business Center with Internet Access
89033,Multilingual Staff
89033,Air Conditioning
89033,Outdoor pool
89049,Pool
89049,Room Service
89049,Bar/Lounge
89049,Free High Speed Internet ( WiFi )
89049,Restaurant
89049,Dry Cleaning
89049,Meeting Rooms
89049,Business Center with Internet Access
89049,Laundry Service
89049,Concierge
89049,Multilingual Staff
89049,Air Conditioning
89049,Heated pool
89049,Outdoor pool
89083,Free High Speed Internet ( WiFi )
89083,Bar/Lounge
89083,Fitness Center with Gym / Workout Room
89083,Dry Cleaning
89083,Laundry Service
89083,Concierge
89083,Business Center with Internet Access
89083,Air Conditioning
89083,Refrigerator in room
89091,Pool
89091,Room Service
89091,Restaurant
89091,Fitness Center with Gym / Workout Room
89091,Free High Speed Internet ( WiFi )
89091,Bar/Lounge
89091,Business Center with Internet Access
89091,Meeting Rooms
89091,Laundry Service
89091,Concierge
89091,Banquet Room
89091,Multilingual Staff
89091,Conference Facilities
89091,Air Conditioning
89091,Heated pool
89091,Outdoor pool
89091,Hot Tub
89101,Pool
89101,Restaurant
89101,Room Service
89101,Fitness Center with Gym / Workout Room
89101,Bar/Lounge
89101,Business Center with Internet Access
89101,Dry Cleaning
89101,Meeting Rooms
89101,Laundry Service
89101,Concierge
89101,Banquet Room
89101,Multilingual Staff
89101,Self-Serve Laundry
89101,Conference Facilities
89101,Outdoor pool
89115,Pool
89115,Room Service
89115,Restaurant
89115,Fitness Center with Gym / Workout Room
89115,Bar/Lounge
89115,Free High Speed Internet ( WiFi )
89115,Business Center with Internet Access
89115,Dry Cleaning
89115,Meeting Rooms
89115,Laundry Service
89115,Concierge
89115,Banquet Room
89115,Multilingual Staff
89115,Conference Facilities
89115,Air Conditioning
89115,Minibar
89115,Heated pool
89115,Outdoor pool
89118,Pool
89118,Free High Speed Internet ( WiFi )
89118,Bar/Lounge
89118,Dry Cleaning
89118,Meeting Rooms
89118,Laundry Service
89118,Concierge
89118,Multilingual Staff
89118,Air Conditioning
89118,Refrigerator in room
89118,Outdoor pool
89119,Free Parking
89119,Free High Speed Internet ( WiFi )
89119,Breakfast included
89119,Air Conditioning
89119,Microwave
89148,Pool
89148,Fitness Center with Gym / Workout Room
89148,Room Service
89148,Restaurant
89148,Bar/Lounge
89148,Spa
89148,Free Internet
89148,Business Center with Internet Access
89148,Dry Cleaning
89148,Meeting Rooms
89148,Laundry Service
89148,Concierge
89148,Banquet Room
89148,Multilingual Staff
89148,Conference Facilities
89148,Breakfast Available
89148,Air Conditioning
89148,Refrigerator in room
89148,Heated pool
89148,Outdoor pool
89150,Room Service
89150,Restaurant
89150,Fitness Center with Gym / Workout Room
89150,Bar/Lounge
89150,Free High Speed Internet ( WiFi )
89150,Meeting Rooms
89150,Dry Cleaning
89150,Concierge
89150,Laundry Service
89150,Breakfast Available
89150,Hot Tub
89158,Pool
89158,Restaurant
89158,Fitness Center with Gym / Workout Room
89158,Room Service
89158,Free High Speed Internet ( WiFi )
89158,Spa
89158,Bar/Lounge
89158,Business Center with Internet Access
89158,Laundry Service
89158,Airport Transportation
89158,Dry Cleaning
89158,Meeting Rooms
89158,Concierge
89158,Banquet Room
89158,Multilingual Staff
89158,Conference Facilities
89158,Babysitting
89158,Breakfast Available
89158,Air Conditioning
89158,Minibar
89158,Heated pool
89158,Outdoor pool
89568,Bar/Lounge
89568,Restaurant
89568,Free High Speed Internet ( WiFi )
89568,Air Conditioning
89575,Pool
89575,Fitness Center with Gym / Workout Room
89575,Room Service
89575,Restaurant
89575,Bar/Lounge
89575,Free High Speed Internet ( WiFi )
89575,Spa
89575,Business Center with Internet Access
89575,Airport Transportation
89575,Dry Cleaning
89575,Meeting Rooms
89575,Laundry Service
89575,Concierge
89575,Banquet Room
89575,Multilingual Staff
89575,Conference Facilities
89575,Babysitting
89575,Air Conditioning
89575,Heated pool
89575,Indoor pool
89575,Hot Tub
89585,Restaurant
89585,Pool
89585,Fitness Center with Gym / Workout Room
89585,Room Service
89585,Bar/Lounge
89585,Spa
89585,Free Internet
89585,Business Center with Internet Access
89585,Children Activities (Kid / Family Friendly)
89585,Airport Transportation
89585,Dry Cleaning
89585,Meeting Rooms
89585,Laundry Service
89585,Concierge
89585,Banquet Room
89585,Multilingual Staff
89585,Conference Facilities
89585,Babysitting
89585,Air Conditioning
89585,Hot Tub
89585,Heated pool
89585,Indoor pool
89620,Restaurant
89620,Fitness Center with Gym / Workout Room
89620,Free High Speed Internet ( WiFi )
89620,Bar/Lounge
89620,Room Service
89620,Shuttle Bus Service
89620,Business Center with Internet Access
89620,Airport Transportation
89620,Dry Cleaning
89620,Meeting Rooms
89620,Laundry Service
89620,Concierge
89620,Banquet Room
89620,Multilingual Staff
89620,Conference Facilities
89620,Babysitting
89620,Air Conditioning
90015,Pool
90015,Fitness Center with Gym / Workout Room
90015,Room Service
90015,Restaurant
90015,Beachfront
90015,Free High Speed Internet ( WiFi )
90015,Bar/Lounge
90015,Spa
90015,Business Center with Internet Access
90015,Airport Transportation
90015,Dry Cleaning
90015,Meeting Rooms
90015,Laundry Service
90015,Concierge
90015,Banquet Room
90015,Multilingual Staff
90015,Conference Facilities
90015,Babysitting
90015,Air Conditioning
90015,Minibar
90015,Hot Tub
90015,Heated pool
90015,Outdoor pool
90015,Tennis Court
90017,Pool
90017,Restaurant
90017,Fitness Center with Gym / Workout Room
90017,Room Service
90017,Bar/Lounge
90017,Free High Speed Internet ( WiFi )
90017,Business Center with Internet Access
90017,Dry Cleaning
90017,Meeting Rooms
90017,Laundry Service
90017,Concierge
90017,Banquet Room
90017,Multilingual Staff
90017,Conference Facilities
90017,Outdoor pool
93034,Pool
93034,Fitness Center with Gym / Workout Room
93034,Restaurant
93034,Room Service
93034,Free High Speed Internet ( WiFi )
93034,Bar/Lounge
93034,Business Center with Internet Access
93034,Dry Cleaning
93034,Meeting Rooms
93034,Laundry Service
93034,Concierge
93034,Banquet Room
93034,Multilingual Staff
93034,Conference Facilities
93034,Air Conditioning
93034,Refrigerator in room
93034,Heated pool
93034,Outdoor pool
93047,Free High Speed Internet ( WiFi )
93047,Restaurant
93047,Bar/Lounge
93047,Multilingual Staff
93047,Laundry Service
93047,Concierge
93047,Air Conditioning
93051,Pool
93051,Free High Speed Internet ( WiFi )
93051,Bar/Lounge
93051,Restaurant
93051,Meeting Rooms
93051,Concierge
93051,Banquet Room
93051,Multilingual Staff
93051,Air Conditioning
93051,Outdoor pool
93164,Pool
93164,Restaurant
93164,Fitness Center with Gym / Workout Room
93164,Room Service
93164,Bar/Lounge
93164,Free Internet
93164,Spa
93164,Business Center with Internet Access
93164,Dry Cleaning
93164,Meeting Rooms
93164,Laundry Service
93164,Concierge
93164,Banquet Room
93164,Multilingual Staff
93164,Conference Facilities
93164,Air Conditioning
93164,Heated pool
93164,Outdoor pool
93340,Room Service
93340,Free High Speed Internet ( WiFi )
93340,Restaurant
93340,Bar/Lounge
93340,Breakfast included
93340,Dry Cleaning
93340,Meeting Rooms
93340,Business Center with Internet Access
93340,Laundry Service
93340,Concierge
93340,Multilingual Staff
93340,Breakfast Available
93340,Air Conditioning
93340,Minibar
93457,Fitness Center with Gym / Workout Room
93457,Free Internet
93457,Breakfast included
93457,Business Center with Internet Access
93457,Dry Cleaning
93457,Meeting Rooms
93457,Laundry Service
93457,Concierge
93457,Multilingual Staff
93457,Air Conditioning
93459,Pool
93459,Free High Speed Internet ( WiFi )
93459,Breakfast included
93459,Free Parking
93459,Business Center with Internet Access
93459,Dry Cleaning
93459,Multilingual Staff
93459,Laundry Service
93459,Air Conditioning
93459,Microwave
93459,Refrigerator in room
93459,Outdoor pool
93589,Fitness Center with Gym / Workout Room
93589,Room Service
93589,Free High Speed Internet ( WiFi )
93589,Bar/Lounge
93589,Dry Cleaning
93589,Meeting Rooms
93589,Business Center with Internet Access
93589,Laundry Service
93589,Concierge
93589,Banquet Room
93589,Multilingual Staff
93589,Conference Facilities
93589,Air Conditioning
93589,Minibar
94330,Pool
94330,Restaurant
94330,Room Service
94330,Fitness Center with Gym / Workout Room
94330,Free High Speed Internet ( WiFi )
94330,Bar/Lounge
94330,Spa
94330,Business Center with Internet Access
94330,Laundry Service
94330,Airport Transportation
94330,Dry Cleaning
94330,Meeting Rooms
94330,Concierge
94330,Banquet Room
94330,Multilingual Staff
94330,Conference Facilities
94330,Air Conditioning
94330,Heated pool
94330,Indoor pool
94344,Fitness Center with Gym / Workout Room
94344,Free High Speed Internet ( WiFi )
94344,Business Center with Internet Access
94344,Dry Cleaning
94344,Meeting Rooms
94344,Concierge
94344,Multilingual Staff
94344,Self-Serve Laundry
94344,Microwave
94344,Tennis Court
94350,Free High Speed Internet ( WiFi )
94350,Pool
94350,Concierge
94350,Multilingual Staff
94350,Outdoor pool
94399,Free High Speed Internet ( WiFi )
94399,Room Service
94399,Restaurant
94399,Fitness Center with Gym / Workout Room
94399,Bar/Lounge
94399,Business Center with Internet Access
94399,Dry Cleaning
94399,Meeting Rooms
94399,Laundry Service
94399,Concierge
94399,Multilingual Staff
94399,Air Conditioning
98606,Room Service
98606,Restaurant
98606,Fitness Center with Gym / Workout Room
98606,Bar/Lounge
98606,Pool
98606,Free Internet
98606,Spa
98606,Business Center with Internet Access
98606,Dry Cleaning
98606,Meeting Rooms
98606,Laundry Service
98606,Concierge
98606,Banquet Room
98606,Multilingual Staff
98606,Conference Facilities
98606,Air Conditioning
98606,Minibar
98606,Outdoor pool
98629,Pool
98629,Room Service
98629,Fitness Center with Gym / Workout Room
98629,Restaurant
98629,Bar/Lounge
98629,Free High Speed Internet ( WiFi )
98629,Spa
98629,Business Center with Internet Access
98629,Dry Cleaning
98629,Meeting Rooms
98629,Laundry Service
98629,Concierge
98629,Banquet Room
98629,Multilingual Staff
98629,Conference Facilities
98629,Children Activities (Kid / Family Friendly)
98629,Air Conditioning
98629,Refrigerator in room
98629,Minibar
98629,Outdoor pool
98629,Hot Tub
98639,Pool
98639,Room Service
98639,Restaurant
98639,Fitness Center with Gym / Workout Room
98639,Bar/Lounge
98639,Free High Speed Internet ( WiFi )
98639,Business Center with Internet Access
98639,Dry Cleaning
98639,Meeting Rooms
98639,Laundry Service
98639,Banquet Room
98639,Multilingual Staff
98639,Conference Facilities
98639,Shuttle Bus Service
98639,Concierge
98639,Air Conditioning
98639,Outdoor pool
98641,Pool
98641,Room Service
98641,Restaurant
98641,Fitness Center with Gym / Workout Room
98641,Bar/Lounge
98641,Business Center with Internet Access
98641,Shuttle Bus Service
98641,Dry Cleaning
98641,Meeting Rooms
98641,Laundry Service
98641,Concierge
98641,Banquet Room
98641,Multilingual Staff
98641,Conference Facilities
98641,Air Conditioning
98641,Outdoor pool
98644,Pool
98644,Restaurant
98644,Room Service
98644,Free Parking
98644,Fitness Center with Gym / Workout Room
98644,Bar/Lounge
98644,Breakfast included
98644,Business Center with Internet Access
98644,Shuttle Bus Service
98644,Meeting Rooms
98644,Laundry Service
98644,Banquet Room
98644,Multilingual Staff
98644,Conference Facilities
98644,Dry Cleaning
98644,Self-Serve Laundry
98644,Microwave
98644,Hot Tub
98644,Heated pool
98644,Indoor pool
98679,Pool
98679,Restaurant
98679,Fitness Center with Gym / Workout Room
98679,Free High Speed Internet ( WiFi )
98679,Bar/Lounge
98679,Room Service
98679,Business Center with Internet Access
98679,Meeting Rooms
98679,Dry Cleaning
98679,Laundry Service
98679,Concierge
98679,Banquet Room
98679,Multilingual Staff
98679,Conference Facilities
98679,Air Conditioning
98679,Refrigerator in room
98679,Outdoor pool
98710,Pool
98710,Restaurant
98710,Fitness Center with Gym / Workout Room
98710,Room Service
98710,Business Center with Internet Access
98710,Dry Cleaning
98710,Meeting Rooms
98710,Laundry Service
98710,Concierge
98710,Banquet Room
98710,Multilingual Staff
98710,Conference Facilities
98710,Airport Transportation
98710,Self-Serve Laundry
98710,Breakfast Available
98710,Air Conditioning
98710,Heated pool
98710,Outdoor pool
98710,Hot Tub
98719,Pool
98719,Restaurant
98719,Room Service
98719,Fitness Center with Gym / Workout Room
98719,Free Internet
98719,Bar/Lounge
98719,Business Center with Internet Access
98719,Shuttle Bus Service
98719,Airport Transportation
98719,Dry Cleaning
98719,Meeting Rooms
98719,Laundry Service
98719,Banquet Room
98719,Multilingual Staff
98719,Conference Facilities
98719,Microwave
98719,Hot Tub
98719,Indoor pool
98719,Outdoor pool
98726,Restaurant
98726,Room Service
98726,Fitness Center with Gym / Workout Room
98726,Free High Speed Internet ( WiFi )
98726,Bar/Lounge
98726,Spa
98726,Business Center with Internet Access
98726,Dry Cleaning
98726,Meeting Rooms
98726,Laundry Service
98726,Concierge
98726,Banquet Room
98726,Multilingual Staff
98726,Conference Facilities
98726,Children Activities (Kid / Family Friendly)
98726,Airport Transportation
98726,Babysitting
98726,Breakfast Available
98726,Air Conditioning
98726,Minibar
98726,Outdoor pool
98727,Room Service
98727,Restaurant
98727,Fitness Center with Gym / Workout Room
98727,Bar/Lounge
98727,Free High Speed Internet ( WiFi )
98727,Dry Cleaning
98727,Meeting Rooms
98727,Laundry Service
98727,Concierge
98727,Banquet Room
98727,Multilingual Staff
98727,Business Center with Internet Access
98727,Conference Facilities
98727,Breakfast Available
98727,Air Conditioning
98727,Minibar
98728,Restaurant
98728,Room Service
98728,Fitness Center with Gym / Workout Room
98728,Bar/Lounge
98728,Pool
98728,Spa
98728,Business Center with Internet Access
98728,Dry Cleaning
98728,Meeting Rooms
98728,Laundry Service
98728,Concierge
98728,Banquet Room
98728,Multilingual Staff
98728,Conference Facilities
98728,Heated pool
98728,Outdoor pool
98731,Pool
98731,Room Service
98731,Restaurant
98731,Fitness Center with Gym / Workout Room
98731,Bar/Lounge
98731,Spa
98731,Free Internet
98731,Business Center with Internet Access
98731,Meeting Rooms
98731,Dry Cleaning
98731,Laundry Service
98731,Concierge
98731,Banquet Room
98731,Multilingual Staff
98731,Conference Facilities
98731,Air Conditioning
98731,Hot Tub
98731,Heated pool
98731,Indoor pool
98731,Outdoor pool
99371,Fitness Center with Gym / Workout Room
99371,Free High Speed Internet ( WiFi )
99371,Business Center with Internet Access
99371,Dry Cleaning
99371,Meeting Rooms
99371,Laundry Service
99371,Concierge
99371,Multilingual Staff
99371,Conference Facilities
99371,Banquet Room
99371,Air Conditioning
100504,Restaurant
100504,Fitness Center with Gym / Workout Room
100504,Room Service
100504,Bar/Lounge
100504,Free Internet
100504,Business Center with Internet Access
100504,Dry Cleaning
100504,Meeting Rooms
100504,Laundry Service
100504,Concierge
100504,Banquet Room
100504,Multilingual Staff
100504,Conference Facilities
100504,Air Conditioning
100505,Pool
100505,Restaurant
100505,Fitness Center with Gym / Workout Room
100505,Room Service
100505,Bar/Lounge
100505,Free Internet
100505,Business Center with Internet Access
100505,Dry Cleaning
100505,Meeting Rooms
100505,Concierge
100505,Multilingual Staff
100505,Conference Facilities
100505,Banquet Room
100505,Air Conditioning
100505,Refrigerator in room
100505,Heated pool
100505,Indoor pool
100505,Hot Tub
100506,Free Internet
100506,Dry Cleaning
100506,Meeting Rooms
100506,Refrigerator in room
100507,Room Service
100507,Free High Speed Internet ( WiFi )
100507,Business Center with Internet Access
100507,Dry Cleaning
100507,Meeting Rooms
100507,Laundry Service
100507,Concierge
100507,Multilingual Staff
100507,Conference Facilities
100507,Air Conditioning
100507,Refrigerator in room
100507,Minibar
100509,Free High Speed Internet ( WiFi )
100509,Breakfast included
100509,Children Activities (Kid / Family Friendly)
100509,Shuttle Bus Service
100509,Laundry Service
100509,Concierge
100527,Room Service
100527,Restaurant
100527,Fitness Center with Gym / Workout Room
100527,Bar/Lounge
100527,Free Internet
100527,Business Center with Internet Access
100527,Dry Cleaning
100527,Meeting Rooms
100527,Laundry Service
100527,Concierge
100527,Banquet Room
100527,Multilingual Staff
100527,Conference Facilities
100537,Free High Speed Internet ( WiFi )
100537,Air Conditioning
100537,Microwave
100537,Refrigerator in room
100540,Free High Speed Internet ( WiFi )
100540,Restaurant
100540,Bar/Lounge
100540,Concierge
100540,Dry Cleaning
100540,Multilingual Staff
100540,Air Conditioning
100540,Microwave
100540,Tennis Court
100544,Bar/Lounge
100544,Free High Speed Internet ( WiFi )
100554,Restaurant
100554,Fitness Center with Gym / Workout Room
100554,Room Service
100554,Bar/Lounge
100554,Business Center with Internet Access
100554,Dry Cleaning
100554,Meeting Rooms
100554,Laundry Service
100554,Concierge
100554,Banquet Room
100554,Multilingual Staff
100554,Conference Facilities
100554,Air Conditioning
100561,Free High Speed Internet ( WiFi )
100561,Breakfast included
100561,Fitness Center with Gym / Workout Room
100561,Shuttle Bus Service
100561,Airport Transportation
100561,Meeting Rooms
100561,Multilingual Staff
100561,Breakfast Available
100561,Business Center with Internet Access
100561,Laundry Service
100561,Self-Serve Laundry
100561,Conference Facilities
100561,Air Conditioning
100561,Refrigerator in room
100562,Pool
100562,Restaurant
100562,Room Service
100562,Fitness Center with Gym / Workout Room
100562,Bar/Lounge
100562,Business Center with Internet Access
100562,Dry Cleaning
100562,Meeting Rooms
100562,Laundry Service
100562,Concierge
100562,Banquet Room
100562,Conference Facilities
100562,Breakfast Available
100562,Air Conditioning
100562,Heated pool
100562,Indoor pool
100565,Restaurant
100565,Room Service
100565,Fitness Center with Gym / Workout Room
100565,Bar/Lounge
100565,Free High Speed Internet ( WiFi )
100565,Business Center with Internet Access
100565,Children Activities (Kid / Family Friendly)
100565,Dry Cleaning
100565,Meeting Rooms
100565,Concierge
100565,Multilingual Staff
100565,Conference Facilities
100565,Banquet Room
100565,Air Conditioning
100567,Restaurant
100567,Room Service
100567,Free High Speed Internet ( WiFi )
100567,Fitness Center with Gym / Workout Room
100567,Bar/Lounge
100567,Business Center with Internet Access
100567,Dry Cleaning
100567,Meeting Rooms
100567,Laundry Service
100567,Concierge
100567,Banquet Room
100567,Multilingual Staff
100567,Conference Facilities
100567,Breakfast Available
100567,Air Conditioning
100567,Minibar
100569,Room Service
100569,Restaurant
100569,Free High Speed Internet ( WiFi )
100569,Fitness Center with Gym / Workout Room
100569,Bar/Lounge
100569,Business Center with Internet Access
100569,Dry Cleaning
100569,Meeting Rooms
100569,Laundry Service
100569,Concierge
100569,Banquet Room
100569,Multilingual Staff
100569,Conference Facilities
100569,Air Conditioning
100569,Minibar
100574,Pool
100574,Fitness Center with Gym / Workout Room
100574,Free High Speed Internet ( WiFi )
100574,Breakfast included
100574,Room Service
100574,Laundry Service
100574,Multilingual Staff
100574,Air Conditioning
100574,Outdoor pool
100577,Free Parking
100577,Free High Speed Internet ( WiFi )
100577,Breakfast included
100577,Multilingual Staff
100577,Microwave
100577,Hot Tub
100577,Tennis Court
100581,Pool
100581,Free High Speed Internet ( WiFi )
100581,Breakfast included
100581,Shuttle Bus Service
100581,Dry Cleaning
100581,Laundry Service
100581,Multilingual Staff
100581,Business Center with Internet Access
100581,Breakfast Available
100581,Air Conditioning
100581,Outdoor pool
100584,Free High Speed Internet ( WiFi )
100584,Breakfast included
100584,Meeting Rooms
100584,Self-Serve Laundry
100584,Air Conditioning
100585,Restaurant
100585,Room Service
100585,Fitness Center with Gym / Workout Room
100585,Bar/Lounge
100585,Free High Speed Internet ( WiFi )
100585,Dry Cleaning
100585,Laundry Service
100585,Concierge
100585,Multilingual Staff
100585,Conference Facilities
100585,Meeting Rooms
100585,Air Conditioning
100597,Pool
100597,Restaurant
100597,Room Service
100597,Fitness Center with Gym / Workout Room
100597,Bar/Lounge
100597,Free Internet
100597,Business Center with Internet Access
100597,Shuttle Bus Service
100597,Airport Transportation
100597,Dry Cleaning
100597,Meeting Rooms
100597,Laundry Service
100597,Concierge
100597,Banquet Room
100597,Multilingual Staff
100597,Self-Serve Laundry
100597,Conference Facilities
100597,Hot Tub
100597,Heated pool
100597,Outdoor pool
100602,Pool
100602,Restaurant
100602,Room Service
100602,Fitness Center with Gym / Workout Room
100602,Bar/Lounge
100602,Breakfast included
100602,Business Center with Internet Access
100602,Shuttle Bus Service
100602,Airport Transportation
100602,Meeting Rooms
100602,Laundry Service
100602,Banquet Room
100602,Multilingual Staff
100602,Conference Facilities
100602,Dry Cleaning
100602,Self-Serve Laundry
100602,Microwave
100602,Heated pool
100602,Indoor pool
100602,Hot Tub
100603,Pool
100603,Fitness Center with Gym / Workout Room
100603,Free Parking
100603,Free High Speed Internet ( WiFi )
100603,Breakfast included
100603,Business Center with Internet Access
100603,Shuttle Bus Service
100603,Airport Transportation
100603,Meeting Rooms
100603,Multilingual Staff
100603,Dry Cleaning
100617,Pool
100617,Restaurant
100617,Room Service
100617,Fitness Center with Gym / Workout Room
100617,Bar/Lounge
100617,Free Internet
100617,Business Center with Internet Access
100617,Shuttle Bus Service
100617,Airport Transportation
100617,Dry Cleaning
100617,Meeting Rooms
100617,Laundry Service
100617,Concierge
100617,Banquet Room
100617,Multilingual Staff
100617,Conference Facilities
100617,Hot Tub
100617,Heated pool
100617,Outdoor pool
100619,Free High Speed Internet ( WiFi )
100619,Bar/Lounge
100619,Pool
100619,Room Service
100619,Restaurant
100619,Fitness Center with Gym / Workout Room
100619,Shuttle Bus Service
100619,Airport Transportation
100619,Meeting Rooms
100619,Business Center with Internet Access
100619,Laundry Service
100619,Banquet Room
100619,Multilingual Staff
100619,Self-Serve Laundry
100619,Conference Facilities
100619,Dry Cleaning
100619,Concierge
100619,Microwave
100619,Heated pool
100619,Indoor pool
100619,Tennis Court
109367,Pool
109367,Restaurant
109367,Fitness Center with Gym / Workout Room
109367,Room Service
109367,Bar/Lounge
109367,Free High Speed Internet ( WiFi )
109367,Business Center with Internet Access
109367,Dry Cleaning
109367,Meeting Rooms
109367,Laundry Service
109367,Concierge
109367,Banquet Room
109367,Multilingual Staff
109367,Conference Facilities
109367,Self-Serve Laundry
109367,Hot Tub
109412,Room Service
109412,Restaurant
109412,Pool
109412,Fitness Center with Gym / Workout Room
109412,Free Parking
109412,Spa
109412,Business Center with Internet Access
109412,Dry Cleaning
109412,Meeting Rooms
109412,Laundry Service
109412,Concierge
109412,Banquet Room
109412,Multilingual Staff
109412,Conference Facilities
109412,Hot Tub
109412,Outdoor pool
109412,Tennis Court
109413,Room Service
109413,Fitness Center with Gym / Workout Room
109413,Free High Speed Internet ( WiFi )
109413,Restaurant
109413,Bar/Lounge
109413,Business Center with Internet Access
109413,Dry Cleaning
109413,Meeting Rooms
109413,Laundry Service
109413,Concierge
109413,Banquet Room
109413,Multilingual Staff
109413,Conference Facilities
109413,Self-Serve Laundry
109413,Air Conditioning
109413,Refrigerator in room
109426,Pool
109426,Fitness Center with Gym / Workout Room
109426,Free High Speed Internet ( WiFi )
109426,Breakfast included
109426,Business Center with Internet Access
109426,Dry Cleaning
109426,Meeting Rooms
109426,Laundry Service
109426,Multilingual Staff
109426,Self-Serve Laundry
109426,Banquet Room
109426,Outdoor pool
109452,Pool
109452,Free Parking
109452,Restaurant
109452,Fitness Center with Gym / Workout Room
109452,Free High Speed Internet ( WiFi )
109452,Bar/Lounge
109452,Breakfast included
109452,Room Service
109452,Business Center with Internet Access
109452,Shuttle Bus Service
109452,Airport Transportation
109452,Dry Cleaning
109452,Meeting Rooms
109452,Laundry Service
109452,Banquet Room
109452,Multilingual Staff
109452,Conference Facilities
109452,Concierge
109452,Self-Serve Laundry
109452,Air Conditioning
109452,Microwave
109452,Refrigerator in room
109452,Outdoor pool
109452,Tennis Court
